<?xml version="1.0" encoding="UTF-8"?>
<beans xmlns="http://www.springframework.org/schema/beans"
			 xmlns:xsi="http://www.w3.org/2001/XMLSchema-instance"
			 xmlns:util="http://www.springframework.org/schema/util"
			 xmlns:aop="http://www.springframework.org/schema/aop"
			 xmlns:tx="http://www.springframework.org/schema/tx"
			 xmlns:context="http://www.springframework.org/schema/context"
			 xmlns:security="http://www.springframework.org/schema/security"
			 xsi:schemaLocation="
            http://www.springframework.org/schema/beans http://www.springframework.org/schema/beans/spring-beans-2.5.xsd
            http://www.springframework.org/schema/util http://www.springframework.org/schema/util/spring-util-2.5.xsd
            http://www.springframework.org/schema/tx http://www.springframework.org/schema/tx/spring-tx-2.5.xsd
            http://www.springframework.org/schema/aop http://www.springframework.org/schema/aop/spring-aop-2.5.xsd
            http://www.springframework.org/schema/context http://www.springframework.org/schema/context/spring-context-2.5.xsd
            http://www.springframework.org/schema/security http://www.springframework.org/schema/security/spring-security-2.0.xsd">

	<security:http>
		<security:http-basic/>
		<security:intercept-url pattern="/admin/**" access="ROLE_ADMIN"/>
		<security:intercept-url pattern="/user/**" access="ROLE_USER"/>
	</security:http>

	<security:authentication-provider>
		<security:user-service>
			<security:user name="admin" password="admin" authorities="ROLE_ADMIN"/>
			<security:user name="user" password="user" authorities="ROLE_USER"/>
			<security:user name="jk" password="jk" authorities="ROLE_USER, ROLE_ADMIN"/>
		</security:user-service>
	</security:authentication-provider>

	<bean id="acegiGuard" class="org.restlet.ext.spring.security.HttpSpringSecurityGuard">
		<property name="next" ref="router"/>
		<!--<property name="objectDefinitionSource">-->
		<!--<value><![CDATA[-->
		<!--CONVERT_URL_TO_LOWERCASE_BEFORE_COMPARISON-->
		<!--\A/admin.*\Z=ROLE_ADMIN-->
		<!--\A/user.*\Z=ROLE_USER-->
		<!--]]></value>-->
		<!--</property>-->
	</bean>

	<bean id="adminRestlet" class="org.example.http.AdminRestlet"/>
	<bean id="userRestlet" class="org.example.http.UserRestlet"/>
	<bean id="anonymousRestlet" class="org.example.http.AnonymousRestlet"/>

	<bean id="top" class="org.restlet.ext.spring.SpringComponent" init-method="start">
		<property name="server">
			<bean class="org.restlet.ext.spring.SpringServer">
				<constructor-arg value="http" type="java.lang.String"/>
				<constructor-arg value="3000" type="int"/>
			</bean>
		</property>
		<property name="defaultTarget" ref="acegiGuard"/>
	</bean>

	<bean id="router" class="org.restlet.ext.spring.SpringRouter">
		<property name="attachments">
			<map>
				<entry key="/admin" value-ref="adminRestlet"/>
				<entry key="/user" value-ref="userRestlet"/>
				<entry key="/" value-ref="anonymousRestlet"/>
			</map>
		</property>
	</bean>

</beans>