<ivysettings>

	<settings defaultResolver="default"/>
	<include url="${ivy.default.settings.dir}/ivysettings-public.xml"/>
	<include url="${ivy.default.settings.dir}/ivysettings-shared.xml"/>
	<include url="${ivy.default.settings.dir}/ivysettings-local.xml"/>
	<include url="${ivy.default.settings.dir}/ivysettings-main-chain.xml"/>
	<include url="${ivy.default.settings.dir}/ivysettings-default-chain.xml"/>

	<resolvers>
		<ibiblio name="restlet" m2compatible="true" root="http://maven.restlet.org/"/>
	</resolvers>

	<modules>
		<module organisation="org.restlet.*" resolver="restlet"/>
		<module organisation="com.noelios.*" resolver="restlet"/>
	</modules>
</ivysettings>